file_name,image_url,image_title,tag
Blobs_0000001.jpg,https://discords.com/_next/image?url=https%3A%2F%2Fcdn.discordapp.com%2Femojis%2F834578501167874109.png%3Fv%3D1&w=128&q=75,bloboof,Blobs
Blobs_0000002.jpg,https://discords.com/_next/image?url=https%3A%2F%2Fcdn.discordapp.com%2Femojis%2F826559356534652950.png%3Fv%3D1&w=128&q=75,blobhyperthink,Blobs
Blobs_0000003.jpg,https://discords.com/_next/image?url=https%3A%2F%2Fcdn.discordapp.com%2Femojis%2F879692167583518760.png%3Fv%3D1&w=128&q=75,blob_minecraft_totem_of_undying,Blobs
Blobs_0000004.jpg,https://discords.com/_next/image?url=https%3A%2F%2Fcdn.discordapp.com%2Femojis%2F770647730157912104.png%3Fv%3D1&w=128&q=75,BlobCuddle,Blobs
Blobs_0000005.jpg,https://discords.com/_next/image?url=https%3A%2F%2Fcdn.discordapp.com%2Femojis%2F812616652830146601.png%3Fv%3D1&w=128&q=75,nyan_party_blob,Blobs
Blobs_0000006.jpg,https://discords.com/_next/image?url=https%3A%2F%2Fcdn.discordapp.com%2Femojis%2F858204471447388191.png%3Fv%3D1&w=128&q=75,purple_blob,Blobs
Blobs_0000007.jpg,https://discords.com/_next/image?url=https%3A%2F%2Fcdn.discordapp.com%2Femojis%2F700934387503726632.png%3Fv%3D1&w=128&q=75,blobcry,Blobs
Blobs_0000008.jpg,https://discords.com/_next/image?url=https%3A%2F%2Fcdn.discordapp.com%2Femojis%2F855514879443337226.png%3Fv%3D1&w=128&q=75,partyblobtrash,Blobs
Blobs_0000009.jpg,https://discords.com/_next/image?url=https%3A%2F%2Fcdn.discordapp.com%2Femojis%2F812334984928296986.png%3Fv%3D1&w=128&q=75,blobthumbsup,Blobs
Blobs_0000010.jpg,https://discords.com/_next/image?url=https%3A%2F%2Fcdn.discordapp.com%2Femojis%2F708791974127468555.png%3Fv%3D1&w=128&q=75,5800_Blob_F,Blobs
Blobs_0000011.jpg,https://discords.com/_next/image?url=https%3A%2F%2Fcdn.discordapp.com%2Femojis%2F652623115913920594.png%3Fv%3D1&w=128&q=75,blobpride,Blobs
Blobs_0000012.jpg,https://discords.com/_next/image?url=https%3A%2F%2Fcdn.discordapp.com%2Femojis%2F866037226148200508.png%3Fv%3D1&w=128&q=75,partyblobcatcool,Blobs
Blobs_0000013.jpg,https://discords.com/_next/image?url=https%3A%2F%2Fcdn.discordapp.com%2Femojis%2F932698226920931389.png%3Fv%3D1&w=128&q=75,blob_flushed,Blobs
Blobs_0000014.jpg,https://discords.com/_next/image?url=https%3A%2F%2Fcdn.discordapp.com%2Femojis%2F576744376542298162.png%3Fv%3D1&w=128&q=75,blobcatgooglypolice,Blobs
Blobs_0000015.jpg,https://discords.com/_next/image?url=https%3A%2F%2Fcdn.discordapp.com%2Femojis%2F802038865242226709.png%3Fv%3D1&w=128&q=75,greenblobsorry,Blobs
Blobs_0000016.jpg,https://discords.com/_next/image?url=https%3A%2F%2Fcdn.discordapp.com%2Femojis%2F446378960641720321.png%3Fv%3D1&w=128&q=75,blobthinking,Blobs
Blobs_0000017.jpg,https://discords.com/_next/image?url=https%3A%2F%2Fcdn.discordapp.com%2Femojis%2F662888461363314698.png%3Fv%3D1&w=128&q=75,blobcry,Blobs
Blobs_0000018.jpg,https://discords.com/_next/image?url=https%3A%2F%2Fcdn.discordapp.com%2Femojis%2F838940182069772288.png%3Fv%3D1&w=128&q=75,yayblobhyper,Blobs
Blobs_0000019.jpg,https://discords.com/_next/image?url=https%3A%2F%2Fcdn.discordapp.com%2Femojis%2F793069108828307476.png%3Fv%3D1&w=128&q=75,Blob_dancing,Blobs
Blobs_0000020.jpg,https://discords.com/_next/image?url=https%3A%2F%2Fcdn.discordapp.com%2Femojis%2F872147239013859338.png%3Fv%3D1&w=128&q=75,blobcatafternoon,Blobs
Blobs_0000021.jpg,https://discords.com/_next/image?url=https%3A%2F%2Fcdn.discordapp.com%2Femojis%2F932754680990281739.png%3Fv%3D1&w=128&q=75,blob_yes,Blobs
Blobs_0000022.jpg,https://discords.com/_next/image?url=https%3A%2F%2Fcdn.discordapp.com%2Femojis%2F771920494403780608.png%3Fv%3D1&w=128&q=75,7_BlobGhostHappy,Blobs
Blobs_0000023.jpg,https://discords.com/_next/image?url=https%3A%2F%2Fcdn.discordapp.com%2Femojis%2F713978211264102440.png%3Fv%3D1&w=128&q=75,blobanimatedhypersweat,Blobs
Blobs_0000024.jpg,https://discords.com/_next/image?url=https%3A%2F%2Fcdn.discordapp.com%2Femojis%2F866016179646889984.png%3Fv%3D1&w=128&q=75,blob_thanks,Blobs
Blobs_0000025.jpg,https://discords.com/_next/image?url=https%3A%2F%2Fcdn.discordapp.com%2Femojis%2F773711851787780118.png%3Fv%3D1&w=128&q=75,Blob_Ban_sign,Blobs
Blobs_0000026.jpg,https://discords.com/_next/image?url=https%3A%2F%2Fcdn.discordapp.com%2Femojis%2F567290583035674624.png%3Fv%3D1&w=128&q=75,ggblobknifelurk,Blobs
Blobs_0000027.jpg,https://discords.com/_next/image?url=https%3A%2F%2Fcdn.discordapp.com%2Femojis%2F834496460354748477.png%3Fv%3D1&w=128&q=75,blobsignwhat,Blobs
Blobs_0000028.jpg,https://discords.com/_next/image?url=https%3A%2F%2Fcdn.discordapp.com%2Femojis%2F834496460229181521.png%3Fv%3D1&w=128&q=75,blobsignnice,Blobs
Blobs_0000029.jpg,https://discords.com/_next/image?url=https%3A%2F%2Fcdn.discordapp.com%2Femojis%2F1010629374225154170.png%3Fv%3D1&w=128&q=75,a_blob_cute_hello_hi_heart,Blobs
Blobs_0000030.jpg,https://discords.com/_next/image?url=https%3A%2F%2Fcdn.discordapp.com%2Femojis%2F707398326206726225.png%3Fv%3D1&w=128&q=75,rainbow_cat_blob,Blobs
Blobs_0000031.jpg,https://discords.com/_next/image?url=https%3A%2F%2Fcdn.discordapp.com%2Femojis%2F690919681170735114.png%3Fv%3D1&w=128&q=75,blobdevil,Blobs
Blobs_0000032.jpg,https://discords.com/_next/image?url=https%3A%2F%2Fcdn.discordapp.com%2Femojis%2F582403568771006464.png%3Fv%3D1&w=128&q=75,heartbrokenblobsad,Blobs
Blobs_0000033.jpg,https://discords.com/_next/image?url=https%3A%2F%2Fcdn.discordapp.com%2Femojis%2F834496460472713246.png%3Fv%3D1&w=128&q=75,blobsignno,Blobs
Blobs_0000034.jpg,https://discords.com/_next/image?url=https%3A%2F%2Fcdn.discordapp.com%2Femojis%2F870699228433899522.png%3Fv%3D1&w=128&q=75,blobcat_knife,Blobs
Blobs_0000035.jpg,https://discords.com/_next/image?url=https%3A%2F%2Fcdn.discordapp.com%2Femojis%2F772346030728806410.png%3Fv%3D1&w=128&q=75,party_blob,Blobs
Blobs_0000036.jpg,https://discords.com/_next/image?url=https%3A%2F%2Fcdn.discordapp.com%2Femojis%2F853606965967585290.png%3Fv%3D1&w=128&q=75,blobpensivepat,Blobs
Blobs_0000037.jpg,https://discords.com/_next/image?url=https%3A%2F%2Fcdn.discordapp.com%2Femojis%2F496030847338545152.png%3Fv%3D1&w=128&q=75,blobcatspit,Blobs
Blobs_0000038.jpg,https://discords.com/_next/image?url=https%3A%2F%2Fcdn.discordapp.com%2Femojis%2F788732722260344853.png%3Fv%3D1&w=128&q=75,tsp_blob_poof,Blobs
Blobs_0000039.jpg,https://discords.com/_next/image?url=https%3A%2F%2Fcdn.discordapp.com%2Femojis%2F703377366466166797.png%3Fv%3D1&w=128&q=75,aBlobCatFastRoll,Blobs
Blobs_0000040.jpg,https://discords.com/_next/image?url=https%3A%2F%2Fcdn.discordapp.com%2Femojis%2F932698246021787739.png%3Fv%3D1&w=128&q=75,blob_why,Blobs
Blobs_0000041.jpg,https://discords.com/_next/image?url=https%3A%2F%2Fcdn.discordapp.com%2Femojis%2F1010242736215044207.png%3Fv%3D1&w=128&q=75,blob_help,Blobs
Blobs_0000042.jpg,https://discords.com/_next/image?url=https%3A%2F%2Fcdn.discordapp.com%2Femojis%2F816574707909787730.png%3Fv%3D1&w=128&q=75,blobbeardance,Blobs
Blobs_0000043.jpg,https://discords.com/_next/image?url=https%3A%2F%2Fcdn.discordapp.com%2Femojis%2F950992001338310656.png%3Fv%3D1&w=128&q=75,spinning_cat_blob,Blobs
Blobs_0000044.jpg,https://discords.com/_next/image?url=https%3A%2F%2Fcdn.discordapp.com%2Femojis%2F872545133697040434.png%3Fv%3D1&w=128&q=75,cat_blob,Blobs
Blobs_0000045.jpg,https://discords.com/_next/image?url=https%3A%2F%2Fcdn.discordapp.com%2Femojis%2F802038680755765248.png%3Fv%3D1&w=128&q=75,greenblobstop,Blobs
Blobs_0000046.jpg,https://discords.com/_next/image?url=https%3A%2F%2Fcdn.discordapp.com%2Femojis%2F648678153488957450.png%3Fv%3D1&w=128&q=75,blobnope,Blobs
Blobs_0000047.jpg,https://discords.com/_next/image?url=https%3A%2F%2Fcdn.discordapp.com%2Femojis%2F819546771491520532.png%3Fv%3D1&w=128&q=75,blobnervouspleading,Blobs
Blobs_0000048.jpg,https://discords.com/_next/image?url=https%3A%2F%2Fcdn.discordapp.com%2Femojis%2F855849622218735617.png%3Fv%3D1&w=128&q=75,celebratoryblob,Blobs
Blobs_0000049.jpg,https://discords.com/_next/image?url=https%3A%2F%2Fcdn.discordapp.com%2Femojis%2F844080700092186624.png%3Fv%3D1&w=128&q=75,boba_galaxyblob,Blobs
Blobs_0000050.jpg,https://discords.com/_next/image?url=https%3A%2F%2Fcdn.discordapp.com%2Femojis%2F788381502198382612.png%3Fv%3D1&w=128&q=75,BlobCatVibrate,Blobs
Blobs_0000051.jpg,https://discords.com/_next/image?url=https%3A%2F%2Fcdn.discordapp.com%2Femojis%2F895678530216669224.png%3Fv%3D1&w=128&q=75,blob_cozy_coffee,Blobs
Blobs_0000052.jpg,https://discords.com/_next/image?url=https%3A%2F%2Fcdn.discordapp.com%2Femojis%2F982764945991163924.png%3Fv%3D1&w=128&q=75,blob_no,Blobs
Blobs_0000053.jpg,https://discords.com/_next/image?url=https%3A%2F%2Fcdn.discordapp.com%2Femojis%2F431157284840800257.png%3Fv%3D1&w=128&q=75,blobglare,Blobs
Blobs_0000054.jpg,https://discords.com/_next/image?url=https%3A%2F%2Fcdn.discordapp.com%2Femojis%2F854175159773822986.png%3Fv%3D1&w=128&q=75,fb_blobsimp,Blobs
Blobs_0000055.jpg,https://discords.com/_next/image?url=https%3A%2F%2Fcdn.discordapp.com%2Femojis%2F886768464319098910.png%3Fv%3D1&w=128&q=75,WholesomeBlob,Blobs
Blobs_0000056.jpg,https://discords.com/_next/image?url=https%3A%2F%2Fcdn.discordapp.com%2Femojis%2F853228751914401814.png%3Fv%3D1&w=128&q=75,g_blobcat_cookie,Blobs
Blobs_0000057.jpg,https://discords.com/_next/image?url=https%3A%2F%2Fcdn.discordapp.com%2Femojis%2F744364066708914226.png%3Fv%3D1&w=128&q=75,blobsignpls,Blobs
Blobs_0000058.jpg,https://discords.com/_next/image?url=https%3A%2F%2Fcdn.discordapp.com%2Femojis%2F893177078999027722.png%3Fv%3D1&w=128&q=75,blob_fail,Blobs
Blobs_0000059.jpg,https://discords.com/_next/image?url=https%3A%2F%2Fcdn.discordapp.com%2Femojis%2F586181594742521866.png%3Fv%3D1&w=128&q=75,blobmonocle,Blobs
Blobs_0000060.jpg,https://discords.com/_next/image?url=https%3A%2F%2Fcdn.discordapp.com%2Femojis%2F807984564647231488.png%3Fv%3D1&w=128&q=75,7001_Cool_Animated_Blob,Blobs
Blobs_0000061.jpg,https://discords.com/_next/image?url=https%3A%2F%2Fcdn.discordapp.com%2Femojis%2F685714693553127494.png%3Fv%3D1&w=128&q=75,D2S_BlobFlowerCrown,Blobs
Blobs_0000062.jpg,https://discords.com/_next/image?url=https%3A%2F%2Fcdn.discordapp.com%2Femojis%2F851783724025511957.png%3Fv%3D1&w=128&q=75,Blob_Cat_popcorn,Blobs
Blobs_0000063.jpg,https://discords.com/_next/image?url=https%3A%2F%2Fcdn.discordapp.com%2Femojis%2F719719377796071446.png%3Fv%3D1&w=128&q=75,blob_cat_comfy,Blobs
Blobs_0000064.jpg,https://discords.com/_next/image?url=https%3A%2F%2Fcdn.discordapp.com%2Femojis%2F827652694008528906.png%3Fv%3D1&w=128&q=75,blob_gift,Blobs
Blobs_0000065.jpg,https://discords.com/_next/image?url=https%3A%2F%2Fcdn.discordapp.com%2Femojis%2F578814484072628234.png%3Fv%3D1&w=128&q=75,blobcatdab,Blobs
Blobs_0000066.jpg,https://discords.com/_next/image?url=https%3A%2F%2Fcdn.discordapp.com%2Femojis%2F652933034030399500.png%3Fv%3D1&w=128&q=75,blobfight,Blobs
Blobs_0000067.jpg,https://discords.com/_next/image?url=https%3A%2F%2Fcdn.discordapp.com%2Femojis%2F910089350673473536.png%3Fv%3D1&w=128&q=75,blob_why,Blobs
Blobs_0000068.jpg,https://discords.com/_next/image?url=https%3A%2F%2Fcdn.discordapp.com%2Femojis%2F747206871701782689.png%3Fv%3D1&w=128&q=75,aBlobCatHeartPat,Blobs
Blobs_0000069.jpg,https://discords.com/_next/image?url=https%3A%2F%2Fcdn.discordapp.com%2Femojis%2F771920494176763905.png%3Fv%3D1&w=128&q=75,7_BlobGhostSad,Blobs
Blobs_0000070.jpg,https://discords.com/_next/image?url=https%3A%2F%2Fcdn.discordapp.com%2Femojis%2F980441997095608421.png%3Fv%3D1&w=128&q=75,Cute_Blob,Blobs
Blobs_0000071.jpg,https://discords.com/_next/image?url=https%3A%2F%2Fcdn.discordapp.com%2Femojis%2F808661623547625502.png%3Fv%3D1&w=128&q=75,Bloblurk,Blobs
Blobs_0000072.jpg,https://discords.com/_next/image?url=https%3A%2F%2Fcdn.discordapp.com%2Femojis%2F1003372639953367080.png%3Fv%3D1&w=128&q=75,blob_sweating,Blobs
Blobs_0000073.jpg,https://discords.com/_next/image?url=https%3A%2F%2Fcdn.discordapp.com%2Femojis%2F784204278273277972.png%3Fv%3D1&w=128&q=75,suspicious_blob,Blobs
Blobs_0000074.jpg,https://discords.com/_next/image?url=https%3A%2F%2Fcdn.discordapp.com%2Femojis%2F707398122757947402.png%3Fv%3D1&w=128&q=75,cat_blob_wiggle,Blobs
Blobs_0000075.jpg,https://discords.com/_next/image?url=https%3A%2F%2Fcdn.discordapp.com%2Femojis%2F806105242453409793.png%3Fv%3D1&w=128&q=75,BlobThinkSmartBigBrainRollSafe,Blobs
Blobs_0000076.jpg,https://discords.com/_next/image?url=https%3A%2F%2Fcdn.discordapp.com%2Femojis%2F834496460309135420.png%3Fv%3D1&w=128&q=75,blobsignlmao,Blobs
Blobs_0000077.jpg,https://discords.com/_next/image?url=https%3A%2F%2Fcdn.discordapp.com%2Femojis%2F716921859924426762.png%3Fv%3D1&w=128&q=75,blobpride,Blobs
Blobs_0000078.jpg,https://discords.com/_next/image?url=https%3A%2F%2Fcdn.discordapp.com%2Femojis%2F727671030897704992.png%3Fv%3D1&w=128&q=75,BlobHide,Blobs
Blobs_0000080.jpg,https://discords.com/_next/image?url=https%3A%2F%2Fcdn.discordapp.com%2Femojis%2F834769392008953887.png%3Fv%3D1&w=128&q=75,blobbongocattwittergif,Blobs
Blobs_0000081.jpg,https://discords.com/_next/image?url=https%3A%2F%2Fcdn.discordapp.com%2Femojis%2F719636610978807862.png%3Fv%3D1&w=128&q=75,blob_cat_police,Blobs
Blobs_0000082.jpg,https://discords.com/_next/image?url=https%3A%2F%2Fcdn.discordapp.com%2Femojis%2F862606249732079616.png%3Fv%3D1&w=128&q=75,BlobWave,Blobs
Blobs_0000084.jpg,https://discords.com/_next/image?url=https%3A%2F%2Fcdn.discordapp.com%2Femojis%2F876227534767927326.png%3Fv%3D1&w=128&q=75,dancingchainofblobs,Blobs
Blobs_0000085.jpg,https://discords.com/_next/image?url=https%3A%2F%2Fcdn.discordapp.com%2Femojis%2F517362842286948372.png%3Fv%3D1&w=128&q=75,aBlobAvicii,Blobs
Blobs_0000086.jpg,https://discords.com/_next/image?url=https%3A%2F%2Fcdn.discordapp.com%2Femojis%2F827075931649998899.png%3Fv%3D1&w=128&q=75,blob_loved,Blobs
Blobs_0000087.jpg,https://discords.com/_next/image?url=https%3A%2F%2Fcdn.discordapp.com%2Femojis%2F629698511088123907.png%3Fv%3D1&w=128&q=75,5095_HyperBlob_On_Drug,Blobs
Blobs_0000088.jpg,https://discords.com/_next/image?url=https%3A%2F%2Fcdn.discordapp.com%2Femojis%2F696743917927923782.png%3Fv%3D1&w=128&q=75,blobshocked,Blobs
Blobs_0000089.jpg,https://discords.com/_next/image?url=https%3A%2F%2Fcdn.discordapp.com%2Femojis%2F834496460313067540.png%3Fv%3D1&w=128&q=75,blobsignyes,Blobs
Blobs_0000090.jpg,https://discords.com/_next/image?url=https%3A%2F%2Fcdn.discordapp.com%2Femojis%2F902898279648473121.png%3Fv%3D1&w=128&q=75,blobok,Blobs
Blobs_0000091.jpg,https://discords.com/_next/image?url=https%3A%2F%2Fcdn.discordapp.com%2Femojis%2F609111169805844510.png%3Fv%3D1&w=128&q=75,blobcatblush,Blobs
Blobs_0000092.jpg,https://discords.com/_next/image?url=https%3A%2F%2Fcdn.discordapp.com%2Femojis%2F776450780131360838.png%3Fv%3D1&w=128&q=75,EmoBlobAnimated,Blobs
Blobs_0000093.jpg,https://discords.com/_next/image?url=https%3A%2F%2Fcdn.discordapp.com%2Femojis%2F851783724655968276.png%3Fv%3D1&w=128&q=75,Blob_Cat_worried,Blobs
Blobs_0000094.jpg,https://discords.com/_next/image?url=https%3A%2F%2Fcdn.discordapp.com%2Femojis%2F796526450148376576.png%3Fv%3D1&w=128&q=75,blobtea,Blobs
Blobs_0000095.jpg,https://discords.com/_next/image?url=https%3A%2F%2Fcdn.discordapp.com%2Femojis%2F902898280491528193.png%3Fv%3D1&w=128&q=75,blobsignidk,Blobs
Blobs_0000096.jpg,https://discords.com/_next/image?url=https%3A%2F%2Fcdn.discordapp.com%2Femojis%2F1010242741940260975.png%3Fv%3D1&w=128&q=75,bongo_blob,Blobs
Blobs_0000097.jpg,https://discords.com/_next/image?url=https%3A%2F%2Fcdn.discordapp.com%2Femojis%2F803887770971537408.png%3Fv%3D1&w=128&q=75,ManyblobsGreekGamingArena,Blobs
Blobs_0000098.jpg,https://discords.com/_next/image?url=https%3A%2F%2Fcdn.discordapp.com%2Femojis%2F912454185553920030.png%3Fv%3D1&w=128&q=75,pride_blob,Blobs
Blobs_0000099.jpg,https://discords.com/_next/image?url=https%3A%2F%2Fcdn.discordapp.com%2Femojis%2F425026859022024726.png%3Fv%3D1&w=128&q=75,ablobsob,Blobs
Blobs_0000100.jpg,https://discords.com/_next/image?url=https%3A%2F%2Fcdn.discordapp.com%2Femojis%2F753730568738570330.png%3Fv%3D1&w=128&q=75,blobblush,Blobs
